{"cameraMode":{"drawMode":0,"name":"Shaded","section":"Shading Mode"},"sceneLighting":false,"audioPlay":false,"sceneViewState":{"m_AlwaysRefresh":false,"showFog":true,"showSkybox":false,"showFlares":true,"showImageEffects":true,"showParticleSystems":true,"showVisualEffectGraphs":true,"m_FxEnabled":true},"in2DMode":false,"pivot":{"x":-0.07568883895874024,"y":-0.19125235080718995,"z":0.45359736680984499},"rotation":{"x":0.15896229445934297,"y":0.6950702667236328,"z":-0.1619454175233841,"w":0.6822614073753357},"size":0.8691763281822205,"orthographic":false}